Ticker number,Ticker,Week's Performance,Highest Price,Lowest Price,Best Day,Worst Day,Week's Volume
54,ACB,10.243%,$4.56,$3.53,8.895%,-4.662%,5403210841549130
9,AAL,6.070%,$17.44,$16.10,2.514%,0.174%,101431132714106278
10,AAMC,5.122%,$15.72,$14.10,7.254%,-1.457%,16540392
30,ABEV,4.795%,$3.08,$2.90,2.389%,0.000%,318741841124139
28,ABCM,3.627%,$18.61,$17.74,3.917%,0.558%,175115962769
18,AAT,3.256%,$37.10,$35.72,2.216%,0.362%,334221112463
12,AAN,3.202%,$22.15,$21.03,1.672%,0.597%,497844783400
70,ACHC,3.035%,$66.89,$64.18,1.533%,-0.200%,9011110467940
57,ACC,2.841%,$55.90,$53.90,1.448%,0.387%,907957967166
16,AAPL,2.654%,$175.73,$170.21,1.992%,0.483%,688102663600716107
7,AAIC,2.601%,$3.56,$3.46,1.445%,-0.568%,391199820
35,ABMD,2.598%,$325.00,$306.97,2.490%,-1.370%,954791276184
11,AAME,2.518%,$3.09,$2.66,1.799%,0.000%,8017473
62,ACER,2.473%,$3.08,$2.81,5.300%,-4.333%,497324327
41,ABT,2.224%,$120.00,$116.61,0.511%,0.253%,490983599947389
63,ACET,2.157%,$17.70,$16.39,2.397%,-0.699%,331042574998
46,ACA,2.007%,$58.24,$56.23,1.215%,0.069%,471840083271
24,ABBV,1.727%,$162.03,$158.85,0.847%,0.486%,551005734755852
36,ABNB,1.723%,$171.00,$162.43,3.653%,-1.601%,725615356066090
66,ACGL,1.709%,$47.76,$46.64,0.889%,-0.084%,222981732717383
83,ACM,1.697%,$79.57,$76.71,1.531%,-0.633%,10704876010550
21,AAWW,1.564%,$89.82,$86.48,0.902%,0.169%,693096217073
25,ABC,1.476%,$155.34,$151.29,1.210%,0.085%,154021536115248
38,ABR,1.296%,$17.35,$16.91,1.473%,-0.348%,132961216011260
44,ABVC,1.004%,$2.54,$2.29,3.863%,-5.676%,108170190
82,ACLX,0.987%,$17.19,$14.74,3.950%,-4.839%,119622121525
42,ABTX,0.939%,$45.68,$43.47,1.587%,-0.835%,245524692500
45,AC,0.886%,$41.49,$40.65,0.861%,-0.822%,68302163
1,AA,0.884%,$98.09,$88.11,3.721%,-4.098%,792346725055764
22,AB,0.832%,$46.25,$45.37,0.044%,-0.130%,196914512332
0,A,0.393%,$137.66,$133.59,1.127%,-1.158%,171272352625806
59,ACCO,0.245%,$8.29,$8.04,0.245%,0.122%,573634213763
26,ABCB,0.158%,$45.49,$43.56,0.904%,-1.358%,582058015373
39,ABSI,0.132%,$8.39,$7.38,9.894%,-7.563%,831875933981
75,ACII,-0.051%,$9.79,$9.75,0.051%,-0.051%,4212215
2,AAC,-0.102%,$9.80,$9.77,0.000%,0.000%,1197101212
27,ABCL,-0.158%,$9.83,$9.19,2.157%,-2.950%,125761787413050
77,ACIW,-0.429%,$33.53,$32.05,0.154%,-0.215%,677058575248
68,ACGLO,-0.459%,$24.04,$23.71,0.126%,-0.793%,373352142
40,ABST,-0.715%,$8.57,$8.14,0.715%,-0.120%,84313531520
34,ABM,-0.736%,$45.79,$44.22,0.626%,-0.825%,502065665259
67,ACGLN,-0.911%,$20.87,$20.41,0.486%,-1.161%,523683256
73,ACHV,-1.361%,$7.51,$7.14,1.541%,-2.291%,300169174
81,ACLS,-1.443%,$83.73,$75.85,3.525%,-4.871%,106651163711591
58,ACCD,-1.444%,$16.98,$15.48,4.000%,-6.773%,538080675921
15,AAP,-1.511%,$216.27,$210.07,0.445%,-2.515%,190541885917959
76,ACIU,-1.896%,$4.52,$4.10,4.739%,-5.909%,812884586
69,ACH,-2.109%,$15.73,$14.76,1.524%,-1.310%,86015251681
71,ACHL,-2.303%,$3.26,$2.85,2.606%,-8.896%,407734496
61,ACEL,-2.630%,$13.21,$12.38,1.083%,-1.229%,186814963010
19,AATC,-2.795%,$6.58,$6.26,-0.159%,-0.780%,110163164
43,ABUS,-3.041%,$3.04,$2.80,2.027%,-3.667%,605370188063
23,ABB,-3.231%,$34.80,$33.12,0.721%,-0.374%,181621807319119
33,ABIO,-3.320%,$2.55,$2.21,0.431%,-1.255%,292664637
14,AAON,-3.442%,$55.17,$51.18,-1.024%,-2.054%,308133663301
72,ACHR,-3.950%,$5.24,$4.60,3.534%,-9.589%,253901300715838
13,AAOI,-4.142%,$3.38,$3.11,-0.592%,-2.679%,141913781506
6,AADI,-4.566%,$18.54,$16.86,2.394%,-3.883%,300021361356
20,AAU,-4.849%,$0.39,$0.34,1.389%,-1.721%,119617141273
50,ACAD,-5.447%,$27.39,$24.15,4.143%,-7.678%,179001355122449
3,AACG,-6.250%,$1.52,$1.31,2.113%,-6.897%,83172219
84,ACMR,-6.391%,$23.00,$20.73,0.555%,-5.174%,1010580046122
74,ACI,-7.434%,$36.25,$32.00,1.244%,-1.733%,137036200126273
31,ABG,-8.652%,$181.81,$161.78,-1.117%,-4.913%,586959627909
29,ABEO,-8.672%,$0.32,$0.28,0.645%,-7.878%,164415381394
37,ABOS,-17.813%,$5.86,$4.63,0.000%,-9.187%,282623823782
